Keyword,Title,Subtitle,URL
"sleep, bedtime, rest",Sleep Health,Getting to Sleep,https://insighttimer.com/meditation-topics/sleep
"sleep, insomnia, bedtime",Sleep Health,Staying Asleep,https://insighttimer.com/meditation-music/browse/sleep
"sleep, quality, rest",Sleep Health,Sleep Quality,https://insighttimer.com/meditation-topics/sleep/guide-healthy-sleep-habits
"mental health, stress, burnout",Mental Health,Stress & Burnout,https://insighttimer.com/meditation-topics/stress
"mental health, anxiety, calm",Mental Health,Anxiety,https://insighttimer.com/meditation-topics/anxiety
"mental health, fear, worry",Mental Health,Fear,https://insighttimer.com/meditation-topics/fears
"mental health, sadness, loneliness",Mental Health,Sadness & Loneliness,https://insighttimer.com/meditation-topics/depression
"mental health, confidence, self-esteem",Mental Health,Self-Confidence,https://insighttimer.com/meditation-topics/selfconfidence
"mental health, relationships, breakups",Mental Health,Relationships & Breakups,https://insighttimer.com/meditation-topics/relationships
"mental health, parenting, pregnancy",Mental Health,Pregnancy & Parenting,https://insighttimer.com/meditation-topics/pregnancyfertility
"productivity, happiness, joy",Peak Productivity,Happiness & Joy,https://insighttimer.com/meditation-topics/happiness
"productivity, gratitude, abundance",Peak Productivity,Gratitude & Abundance,https://insighttimer.com/meditation-topics/gratitude
"productivity, performance, efficiency",Peak Productivity,Performance & Productivity,https://insighttimer.com/meditation-topics/creativityperformance
"productivity, focus, deep work",Peak Productivity,Focus & Deep Work,https://insighttimer.com/meditation-topics/focus
"productivity, resilience, grit",Peak Productivity,Grit & Resilience,https://insighttimer.com/meditation-topics/strengthresilience
"spiritual, meditation, mindfulness",Spiritual Health,Meditation & Mindfulness,https://insighttimer.com/meditation-topics/mindfulnessmeditation
"spiritual, music, sound meditation",Spiritual Health,Music & Sound Meditation,https://insighttimer.com/meditation-topics/soundmeditation
"spiritual, chanting, mantras",Spiritual Health,Chanting & Mantras,https://insighttimer.com/meditation-topics/chantingmantras
"spiritual, manifesting, affirmations",Spiritual Health,Manifesting & Affirmations,https://insighttimer.com/meditation-topics/manifestation
"spiritual, breathwork, breathing",Spiritual Health,Breathwork,https://insighttimer.com/meditation-topics/breathwork
"spiritual, morning routine, yoga",Spiritual Health,Morning Routines,https://insighttimer.com/meditation-topics/morning
"spiritual, yoga, exercise",Spiritual Health,Yoga,https://insighttimer.com/meditation-topics/yoga
"spiritual, buddhism, religion",Spiritual Health,Buddhism,https://insighttimer.com/meditation-topics/buddhism
"spiritual, paths, spiritual growth",Spiritual Health,Spiritual Paths,https://insighttimer.com/meditation-topics/spiritual
"spiritual, religion, religious practices",Spiritual Health,Religious Paths,https://insighttimer.com/meditation-topics/religion
